"","url"
"1","https://files.isimip.org/ISIMIP3b/InputData/climate/atmosphere/bias-adjusted/global/daily/historical/GFDL-ESM4/gfdl-esm4_r1i1p1f1_w5e5_historical_hurs_global_daily_1991_2000.nc"
"2","https://files.isimip.org/ISIMIP3b/InputData/climate/atmosphere/bias-adjusted/global/daily/historical/GFDL-ESM4/gfdl-esm4_r1i1p1f1_w5e5_historical_hurs_global_daily_2001_2010.nc"
"3","https://files.isimip.org/ISIMIP3b/InputData/climate/atmosphere/bias-adjusted/global/daily/historical/GFDL-ESM4/gfdl-esm4_r1i1p1f1_w5e5_historical_pr_global_daily_1991_2000.nc"
"4","https://files.isimip.org/ISIMIP3b/InputData/climate/atmosphere/bias-adjusted/global/daily/historical/GFDL-ESM4/gfdl-esm4_r1i1p1f1_w5e5_historical_pr_global_daily_2001_2010.nc"
"5","https://files.isimip.org/ISIMIP3b/InputData/climate/atmosphere/bias-adjusted/global/daily/historical/GFDL-ESM4/gfdl-esm4_r1i1p1f1_w5e5_historical_prsn_global_daily_1991_2000.nc"
"6","https://files.isimip.org/ISIMIP3b/InputData/climate/atmosphere/bias-adjusted/global/daily/historical/GFDL-ESM4/gfdl-esm4_r1i1p1f1_w5e5_historical_prsn_global_daily_2001_2010.nc"
"7","https://files.isimip.org/ISIMIP3b/InputData/climate/atmosphere/bias-adjusted/global/daily/historical/GFDL-ESM4/gfdl-esm4_r1i1p1f1_w5e5_historical_rsds_global_daily_1991_2000.nc"
"8","https://files.isimip.org/ISIMIP3b/InputData/climate/atmosphere/bias-adjusted/global/daily/historical/GFDL-ESM4/gfdl-esm4_r1i1p1f1_w5e5_historical_rsds_global_daily_2001_2010.nc"
"9","https://files.isimip.org/ISIMIP3b/InputData/climate/atmosphere/bias-adjusted/global/daily/historical/GFDL-ESM4/gfdl-esm4_r1i1p1f1_w5e5_historical_tas_global_daily_1991_2000.nc"
"10","https://files.isimip.org/ISIMIP3b/InputData/climate/atmosphere/bias-adjusted/global/daily/historical/GFDL-ESM4/gfdl-esm4_r1i1p1f1_w5e5_historical_tas_global_daily_2001_2010.nc"
"11","https://files.isimip.org/ISIMIP3b/InputData/climate/atmosphere/bias-adjusted/global/daily/historical/GFDL-ESM4/gfdl-esm4_r1i1p1f1_w5e5_historical_tasmax_global_daily_1991_2000.nc"
"12","https://files.isimip.org/ISIMIP3b/InputData/climate/atmosphere/bias-adjusted/global/daily/historical/GFDL-ESM4/gfdl-esm4_r1i1p1f1_w5e5_historical_tasmax_global_daily_2001_2010.nc"
"13","https://files.isimip.org/ISIMIP3b/InputData/climate/atmosphere/bias-adjusted/global/daily/historical/GFDL-ESM4/gfdl-esm4_r1i1p1f1_w5e5_historical_tasmin_global_daily_1991_2000.nc"
"14","https://files.isimip.org/ISIMIP3b/InputData/climate/atmosphere/bias-adjusted/global/daily/historical/GFDL-ESM4/gfdl-esm4_r1i1p1f1_w5e5_historical_tasmin_global_daily_2001_2010.nc"
