"","url"
"1","https://files.isimip.org/ISIMIP3b/InputData/climate/atmosphere/bias-adjusted/global/daily/ssp585/MPI-ESM1-2-HR/mpi-esm1-2-hr_r1i1p1f1_w5e5_ssp585_hurs_global_daily_2041_2050.nc"
"2","https://files.isimip.org/ISIMIP3b/InputData/climate/atmosphere/bias-adjusted/global/daily/ssp585/MPI-ESM1-2-HR/mpi-esm1-2-hr_r1i1p1f1_w5e5_ssp585_hurs_global_daily_2051_2060.nc"
"3","https://files.isimip.org/ISIMIP3b/InputData/climate/atmosphere/bias-adjusted/global/daily/ssp585/MPI-ESM1-2-HR/mpi-esm1-2-hr_r1i1p1f1_w5e5_ssp585_hurs_global_daily_2081_2090.nc"
"4","https://files.isimip.org/ISIMIP3b/InputData/climate/atmosphere/bias-adjusted/global/daily/ssp585/MPI-ESM1-2-HR/mpi-esm1-2-hr_r1i1p1f1_w5e5_ssp585_hurs_global_daily_2091_2100.nc"
"5","https://files.isimip.org/ISIMIP3b/InputData/climate/atmosphere/bias-adjusted/global/daily/ssp585/MPI-ESM1-2-HR/mpi-esm1-2-hr_r1i1p1f1_w5e5_ssp585_pr_global_daily_2041_2050.nc"
"6","https://files.isimip.org/ISIMIP3b/InputData/climate/atmosphere/bias-adjusted/global/daily/ssp585/MPI-ESM1-2-HR/mpi-esm1-2-hr_r1i1p1f1_w5e5_ssp585_pr_global_daily_2051_2060.nc"
"7","https://files.isimip.org/ISIMIP3b/InputData/climate/atmosphere/bias-adjusted/global/daily/ssp585/MPI-ESM1-2-HR/mpi-esm1-2-hr_r1i1p1f1_w5e5_ssp585_pr_global_daily_2081_2090.nc"
"8","https://files.isimip.org/ISIMIP3b/InputData/climate/atmosphere/bias-adjusted/global/daily/ssp585/MPI-ESM1-2-HR/mpi-esm1-2-hr_r1i1p1f1_w5e5_ssp585_pr_global_daily_2091_2100.nc"
"9","https://files.isimip.org/ISIMIP3b/InputData/climate/atmosphere/bias-adjusted/global/daily/ssp585/MPI-ESM1-2-HR/mpi-esm1-2-hr_r1i1p1f1_w5e5_ssp585_prsn_global_daily_2041_2050.nc"
"10","https://files.isimip.org/ISIMIP3b/InputData/climate/atmosphere/bias-adjusted/global/daily/ssp585/MPI-ESM1-2-HR/mpi-esm1-2-hr_r1i1p1f1_w5e5_ssp585_prsn_global_daily_2051_2060.nc"
"11","https://files.isimip.org/ISIMIP3b/InputData/climate/atmosphere/bias-adjusted/global/daily/ssp585/MPI-ESM1-2-HR/mpi-esm1-2-hr_r1i1p1f1_w5e5_ssp585_prsn_global_daily_2081_2090.nc"
"12","https://files.isimip.org/ISIMIP3b/InputData/climate/atmosphere/bias-adjusted/global/daily/ssp585/MPI-ESM1-2-HR/mpi-esm1-2-hr_r1i1p1f1_w5e5_ssp585_prsn_global_daily_2091_2100.nc"
"13","https://files.isimip.org/ISIMIP3b/InputData/climate/atmosphere/bias-adjusted/global/daily/ssp585/MPI-ESM1-2-HR/mpi-esm1-2-hr_r1i1p1f1_w5e5_ssp585_rsds_global_daily_2041_2050.nc"
"14","https://files.isimip.org/ISIMIP3b/InputData/climate/atmosphere/bias-adjusted/global/daily/ssp585/MPI-ESM1-2-HR/mpi-esm1-2-hr_r1i1p1f1_w5e5_ssp585_rsds_global_daily_2051_2060.nc"
"15","https://files.isimip.org/ISIMIP3b/InputData/climate/atmosphere/bias-adjusted/global/daily/ssp585/MPI-ESM1-2-HR/mpi-esm1-2-hr_r1i1p1f1_w5e5_ssp585_rsds_global_daily_2081_2090.nc"
"16","https://files.isimip.org/ISIMIP3b/InputData/climate/atmosphere/bias-adjusted/global/daily/ssp585/MPI-ESM1-2-HR/mpi-esm1-2-hr_r1i1p1f1_w5e5_ssp585_rsds_global_daily_2091_2100.nc"
"17","https://files.isimip.org/ISIMIP3b/InputData/climate/atmosphere/bias-adjusted/global/daily/ssp585/MPI-ESM1-2-HR/mpi-esm1-2-hr_r1i1p1f1_w5e5_ssp585_tas_global_daily_2041_2050.nc"
"18","https://files.isimip.org/ISIMIP3b/InputData/climate/atmosphere/bias-adjusted/global/daily/ssp585/MPI-ESM1-2-HR/mpi-esm1-2-hr_r1i1p1f1_w5e5_ssp585_tas_global_daily_2051_2060.nc"
"19","https://files.isimip.org/ISIMIP3b/InputData/climate/atmosphere/bias-adjusted/global/daily/ssp585/MPI-ESM1-2-HR/mpi-esm1-2-hr_r1i1p1f1_w5e5_ssp585_tas_global_daily_2081_2090.nc"
"20","https://files.isimip.org/ISIMIP3b/InputData/climate/atmosphere/bias-adjusted/global/daily/ssp585/MPI-ESM1-2-HR/mpi-esm1-2-hr_r1i1p1f1_w5e5_ssp585_tas_global_daily_2091_2100.nc"
"21","https://files.isimip.org/ISIMIP3b/InputData/climate/atmosphere/bias-adjusted/global/daily/ssp585/MPI-ESM1-2-HR/mpi-esm1-2-hr_r1i1p1f1_w5e5_ssp585_tasmax_global_daily_2041_2050.nc"
"22","https://files.isimip.org/ISIMIP3b/InputData/climate/atmosphere/bias-adjusted/global/daily/ssp585/MPI-ESM1-2-HR/mpi-esm1-2-hr_r1i1p1f1_w5e5_ssp585_tasmax_global_daily_2051_2060.nc"
"23","https://files.isimip.org/ISIMIP3b/InputData/climate/atmosphere/bias-adjusted/global/daily/ssp585/MPI-ESM1-2-HR/mpi-esm1-2-hr_r1i1p1f1_w5e5_ssp585_tasmax_global_daily_2081_2090.nc"
"24","https://files.isimip.org/ISIMIP3b/InputData/climate/atmosphere/bias-adjusted/global/daily/ssp585/MPI-ESM1-2-HR/mpi-esm1-2-hr_r1i1p1f1_w5e5_ssp585_tasmax_global_daily_2091_2100.nc"
"25","https://files.isimip.org/ISIMIP3b/InputData/climate/atmosphere/bias-adjusted/global/daily/ssp585/MPI-ESM1-2-HR/mpi-esm1-2-hr_r1i1p1f1_w5e5_ssp585_tasmin_global_daily_2041_2050.nc"
"26","https://files.isimip.org/ISIMIP3b/InputData/climate/atmosphere/bias-adjusted/global/daily/ssp585/MPI-ESM1-2-HR/mpi-esm1-2-hr_r1i1p1f1_w5e5_ssp585_tasmin_global_daily_2051_2060.nc"
"27","https://files.isimip.org/ISIMIP3b/InputData/climate/atmosphere/bias-adjusted/global/daily/ssp585/MPI-ESM1-2-HR/mpi-esm1-2-hr_r1i1p1f1_w5e5_ssp585_tasmin_global_daily_2081_2090.nc"
"28","https://files.isimip.org/ISIMIP3b/InputData/climate/atmosphere/bias-adjusted/global/daily/ssp585/MPI-ESM1-2-HR/mpi-esm1-2-hr_r1i1p1f1_w5e5_ssp585_tasmin_global_daily_2091_2100.nc"
